<?xml version="1.0" encoding="UTF-8"?>
<project xmlns="http://maven.apache.org/POM/4.0.0" xmlns:xsi="http://www.w3.org/2001/XMLSchema-instance" xsi:schemaLocation="http://maven.apache.org/POM/4.0.0 http://maven.apache.org/maven-v4_0_0.xsd">
  <modelVersion>4.0.0</modelVersion>
  <groupId>au.edu.rmit.bdp</groupId>
  <artifactId>mapreduce-kmeans</artifactId>
  <name>mapreduce-kmeans</name>
  <version>1.0</version>
  <prerequisites>
    <maven>3.0</maven>
  </prerequisites>
  <build>
    <sourceDirectory>src/</sourceDirectory>
    <resources>
      <resource>
        <directory>src/</directory>
      </resource>
    </resources>
    <finalName>kmeans-${project.version}</finalName>
    <plugins>
      <plugin>
        <artifactId>maven-compiler-plugin</artifactId>
        <version>3.7.0</version>
        <configuration>
          <source>1.8</source>
          <target>1.8</target>
        </configuration>
      </plugin>
      <plugin>
        <artifactId>maven-shade-plugin</artifactId>
        <executions>
          <execution>
            <phase>package</phase>
            <goals>
              <goal>shade</goal>
            </goals>
            <configuration>
              <transformers>
                <transformer />
              </transformers>
              <filter>
                <artifact>*:*</artifact>
                <excludes>
                  <exclude>META-INF/*.SF</exclude>
                  <exclude>META-INF/*.DSA</exclude>
                  <exclude>META-INF/*.RSA</exclude>
                  <exclude>META-INF/licence</exclude>
                  <exclude>licence/*</exclude>
                </excludes>
              </filter>
            </configuration>
          </execution>
        </executions>
      </plugin>
    </plugins>
  </build>
  <properties>
    <tjmath.version>1.1</tjmath.version>
    <project.build.sourceEncoding>UTF-8</project.build.sourceEncoding>
    <hadoop.version>2.7.3</hadoop.version>
  </properties>
</project>
